Similarity,Score
Cosine Similarity,0.38048607290195047
LSTM Similarity,0.7434897163686539
BERT Similarity,0.7509971857070923
SBERT Similarity,0.6667076349258423
